<?xml version="1.0" encoding="utf-8" ?>
<dwsync>
<file name="SearchFields.php" server="wimaxcrm.waridtel.co.ug" local="128907384600000000" remote="128907384600000000" />
<file name="detailviewdefs.php" server="wimaxcrm.waridtel.co.ug" local="128907384600000000" remote="128907384600000000" />
<file name="editviewdefs.php" server="wimaxcrm.waridtel.co.ug" local="128907384600000000" remote="128907384600000000" />
<file name="listviewdefs.php" server="wimaxcrm.waridtel.co.ug" local="128907384600000000" remote="128907384600000000" />
<file name="metafiles.php" server="wimaxcrm.waridtel.co.ug" local="128907384600000000" remote="128907384600000000" />
<file name="popupdefs.php" server="wimaxcrm.waridtel.co.ug" local="128907384600000000" remote="128907384600000000" />
<file name="searchdefs.php" server="wimaxcrm.waridtel.co.ug" local="128907384600000000" remote="128907384600000000" />
<file name="sidecreateviewdefs.php" server="wimaxcrm.waridtel.co.ug" local="128907384600000000" remote="128907384600000000" />
</dwsync>